{
  "hash": "f88c5179",
  "configHash": "bd5df59d",
  "lockfileHash": "d3f7965e",
  "browserHash": "ecd0846d",
  "optimized": {
    "@angular/common": {
      "src": "../../../../../node_modules/@angular/common/fesm2022/common.mjs",
      "file": "@angular_common.js",
      "fileHash": "d704b42e",
      "needsInterop": false
    },
    "@angular/common/http": {
      "src": "../../../../../node_modules/@angular/common/fesm2022/http.mjs",
      "file": "@angular_common_http.js",
      "fileHash": "7d2e2dde",
      "needsInterop": false
    },
    "@angular/core": {
      "src": "../../../../../node_modules/@angular/core/fesm2022/core.mjs",
      "file": "@angular_core.js",
      "fileHash": "4daab627",
      "needsInterop": false
    },
    "@angular/forms": {
      "src": "../../../../../node_modules/@angular/forms/fesm2022/forms.mjs",
      "file": "@angular_forms.js",
      "fileHash": "eecb2c0a",
      "needsInterop": false
    },
    "@angular/material/button": {
      "src": "../../../../../node_modules/@angular/material/fesm2022/button.mjs",
      "file": "@angular_material_button.js",
      "fileHash": "964cb4f6",
      "needsInterop": false
    },
    "@angular/material/card": {
      "src": "../../../../../node_modules/@angular/material/fesm2022/card.mjs",
      "file": "@angular_material_card.js",
      "fileHash": "201555d8",
      "needsInterop": false
    },
    "@angular/material/core": {
      "src": "../../../../../node_modules/@angular/material/fesm2022/core.mjs",
      "file": "@angular_material_core.js",
      "fileHash": "df998e1e",
      "needsInterop": false
    },
    "@angular/material/datepicker": {
      "src": "../../../../../node_modules/@angular/material/fesm2022/datepicker.mjs",
      "file": "@angular_material_datepicker.js",
      "fileHash": "5df370bd",
      "needsInterop": false
    },
    "@angular/material/dialog": {
      "src": "../../../../../node_modules/@angular/material/fesm2022/dialog.mjs",
      "file": "@angular_material_dialog.js",
      "fileHash": "8b47dc71",
      "needsInterop": false
    },
    "@angular/material/divider": {
      "src": "../../../../../node_modules/@angular/material/fesm2022/divider.mjs",
      "file": "@angular_material_divider.js",
      "fileHash": "983f51b8",
      "needsInterop": false
    },
    "@angular/material/form-field": {
      "src": "../../../../../node_modules/@angular/material/fesm2022/form-field.mjs",
      "file": "@angular_material_form-field.js",
      "fileHash": "49ab8711",
      "needsInterop": false
    },
    "@angular/material/icon": {
      "src": "../../../../../node_modules/@angular/material/fesm2022/icon.mjs",
      "file": "@angular_material_icon.js",
      "fileHash": "9589dabd",
      "needsInterop": false
    },
    "@angular/material/input": {
      "src": "../../../../../node_modules/@angular/material/fesm2022/input.mjs",
      "file": "@angular_material_input.js",
      "fileHash": "efa78701",
      "needsInterop": false
    },
    "@angular/material/list": {
      "src": "../../../../../node_modules/@angular/material/fesm2022/list.mjs",
      "file": "@angular_material_list.js",
      "fileHash": "ad30a10b",
      "needsInterop": false
    },
    "@angular/material/menu": {
      "src": "../../../../../node_modules/@angular/material/fesm2022/menu.mjs",
      "file": "@angular_material_menu.js",
      "fileHash": "12c62877",
      "needsInterop": false
    },
    "@angular/material/paginator": {
      "src": "../../../../../node_modules/@angular/material/fesm2022/paginator.mjs",
      "file": "@angular_material_paginator.js",
      "fileHash": "1ebe19a4",
      "needsInterop": false
    },
    "@angular/material/progress-spinner": {
      "src": "../../../../../node_modules/@angular/material/fesm2022/progress-spinner.mjs",
      "file": "@angular_material_progress-spinner.js",
      "fileHash": "68f56435",
      "needsInterop": false
    },
    "@angular/material/select": {
      "src": "../../../../../node_modules/@angular/material/fesm2022/select.mjs",
      "file": "@angular_material_select.js",
      "fileHash": "1b67e9b7",
      "needsInterop": false
    },
    "@angular/material/sidenav": {
      "src": "../../../../../node_modules/@angular/material/fesm2022/sidenav.mjs",
      "file": "@angular_material_sidenav.js",
      "fileHash": "78042630",
      "needsInterop": false
    },
    "@angular/material/snack-bar": {
      "src": "../../../../../node_modules/@angular/material/fesm2022/snack-bar.mjs",
      "file": "@angular_material_snack-bar.js",
      "fileHash": "4d05543d",
      "needsInterop": false
    },
    "@angular/material/sort": {
      "src": "../../../../../node_modules/@angular/material/fesm2022/sort.mjs",
      "file": "@angular_material_sort.js",
      "fileHash": "cfcee7c6",
      "needsInterop": false
    },
    "@angular/material/table": {
      "src": "../../../../../node_modules/@angular/material/fesm2022/table.mjs",
      "file": "@angular_material_table.js",
      "fileHash": "c1cae756",
      "needsInterop": false
    },
    "@angular/material/toolbar": {
      "src": "../../../../../node_modules/@angular/material/fesm2022/toolbar.mjs",
      "file": "@angular_material_toolbar.js",
      "fileHash": "55ce4b1d",
      "needsInterop": false
    },
    "@angular/platform-browser": {
      "src": "../../../../../node_modules/@angular/platform-browser/fesm2022/platform-browser.mjs",
      "file": "@angular_platform-browser.js",
      "fileHash": "90d79a80",
      "needsInterop": false
    },
    "@angular/platform-browser/animations": {
      "src": "../../../../../node_modules/@angular/platform-browser/fesm2022/animations.mjs",
      "file": "@angular_platform-browser_animations.js",
      "fileHash": "ec6f24d5",
      "needsInterop": false
    },
    "@angular/router": {
      "src": "../../../../../node_modules/@angular/router/fesm2022/router.mjs",
      "file": "@angular_router.js",
      "fileHash": "3ab94fdf",
      "needsInterop": false
    },
    "rxjs/operators": {
      "src": "../../../../../node_modules/rxjs/dist/esm5/operators/index.js",
      "file": "rxjs_operators.js",
      "fileHash": "5a5a7a37",
      "needsInterop": false
    },
    "rxjs": {
      "src": "../../../../../node_modules/rxjs/dist/esm5/index.js",
      "file": "rxjs.js",
      "fileHash": "6e446887",
      "needsInterop": false
    },
    "ngx-toastr": {
      "src": "../../../../../node_modules/ngx-toastr/fesm2022/ngx-toastr.mjs",
      "file": "ngx-toastr.js",
      "fileHash": "94e60843",
      "needsInterop": false
    },
    "ag-grid-angular": {
      "src": "../../../../../node_modules/ag-grid-angular/fesm2022/ag-grid-angular.mjs",
      "file": "ag-grid-angular.js",
      "fileHash": "0cf86bd7",
      "needsInterop": false
    },
    "ag-grid-community": {
      "src": "../../../../../node_modules/ag-grid-community/dist/package/main.esm.mjs",
      "file": "ag-grid-community.js",
      "fileHash": "1abfc91e",
      "needsInterop": false
    }
  },
  "chunks": {
    "chunk-DL7JKC6G": {
      "file": "chunk-DL7JKC6G.js"
    },
    "chunk-MPGLUBL4": {
      "file": "chunk-MPGLUBL4.js"
    },
    "chunk-3B3OZHAQ": {
      "file": "chunk-3B3OZHAQ.js"
    },
    "chunk-UC3MC3S5": {
      "file": "chunk-UC3MC3S5.js"
    },
    "chunk-6MJ44TGY": {
      "file": "chunk-6MJ44TGY.js"
    },
    "chunk-WEGGWXRE": {
      "file": "chunk-WEGGWXRE.js"
    },
    "chunk-GHX2RXBH": {
      "file": "chunk-GHX2RXBH.js"
    },
    "chunk-WOUT3AGT": {
      "file": "chunk-WOUT3AGT.js"
    },
    "chunk-RA2GA3LK": {
      "file": "chunk-RA2GA3LK.js"
    },
    "chunk-DPUB53AQ": {
      "file": "chunk-DPUB53AQ.js"
    },
    "chunk-QFR4LTCW": {
      "file": "chunk-QFR4LTCW.js"
    },
    "chunk-VQNCUITB": {
      "file": "chunk-VQNCUITB.js"
    },
    "chunk-CHWZ6B6T": {
      "file": "chunk-CHWZ6B6T.js"
    },
    "chunk-XZV5GI3Z": {
      "file": "chunk-XZV5GI3Z.js"
    },
    "chunk-OMHX4UE6": {
      "file": "chunk-OMHX4UE6.js"
    },
    "chunk-NUPWKT2N": {
      "file": "chunk-NUPWKT2N.js"
    },
    "chunk-UB4ESSJA": {
      "file": "chunk-UB4ESSJA.js"
    },
    "chunk-Z45VEKDQ": {
      "file": "chunk-Z45VEKDQ.js"
    },
    "chunk-PDN7TZRU": {
      "file": "chunk-PDN7TZRU.js"
    },
    "chunk-J4B6MK7R": {
      "file": "chunk-J4B6MK7R.js"
    }
  }
}