{
  "hash": "12bd5faf",
  "configHash": "d48de9e2",
  "lockfileHash": "54e92542",
  "browserHash": "3fb08e69",
  "optimized": {
    "@angular/common": {
      "src": "../../../../../node_modules/@angular/common/fesm2022/common.mjs",
      "file": "@angular_common.js",
      "fileHash": "55e9ca07",
      "needsInterop": false
    },
    "@angular/common/http": {
      "src": "../../../../../node_modules/@angular/common/fesm2022/http.mjs",
      "file": "@angular_common_http.js",
      "fileHash": "9f5a7d7c",
      "needsInterop": false
    },
    "@angular/core": {
      "src": "../../../../../node_modules/@angular/core/fesm2022/core.mjs",
      "file": "@angular_core.js",
      "fileHash": "70687324",
      "needsInterop": false
    },
    "@angular/forms": {
      "src": "../../../../../node_modules/@angular/forms/fesm2022/forms.mjs",
      "file": "@angular_forms.js",
      "fileHash": "868aced2",
      "needsInterop": false
    },
    "@angular/material/button": {
      "src": "../../../../../node_modules/@angular/material/fesm2022/button.mjs",
      "file": "@angular_material_button.js",
      "fileHash": "70cbc0c6",
      "needsInterop": false
    },
    "@angular/material/card": {
      "src": "../../../../../node_modules/@angular/material/fesm2022/card.mjs",
      "file": "@angular_material_card.js",
      "fileHash": "b6eab1a8",
      "needsInterop": false
    },
    "@angular/material/core": {
      "src": "../../../../../node_modules/@angular/material/fesm2022/core.mjs",
      "file": "@angular_material_core.js",
      "fileHash": "587243cd",
      "needsInterop": false
    },
    "@angular/material/datepicker": {
      "src": "../../../../../node_modules/@angular/material/fesm2022/datepicker.mjs",
      "file": "@angular_material_datepicker.js",
      "fileHash": "7cc8a51c",
      "needsInterop": false
    },
    "@angular/material/dialog": {
      "src": "../../../../../node_modules/@angular/material/fesm2022/dialog.mjs",
      "file": "@angular_material_dialog.js",
      "fileHash": "2f18ed23",
      "needsInterop": false
    },
    "@angular/material/divider": {
      "src": "../../../../../node_modules/@angular/material/fesm2022/divider.mjs",
      "file": "@angular_material_divider.js",
      "fileHash": "321afdfb",
      "needsInterop": false
    },
    "@angular/material/form-field": {
      "src": "../../../../../node_modules/@angular/material/fesm2022/form-field.mjs",
      "file": "@angular_material_form-field.js",
      "fileHash": "8a654263",
      "needsInterop": false
    },
    "@angular/material/icon": {
      "src": "../../../../../node_modules/@angular/material/fesm2022/icon.mjs",
      "file": "@angular_material_icon.js",
      "fileHash": "49a917a2",
      "needsInterop": false
    },
    "@angular/material/input": {
      "src": "../../../../../node_modules/@angular/material/fesm2022/input.mjs",
      "file": "@angular_material_input.js",
      "fileHash": "f6d02a99",
      "needsInterop": false
    },
    "@angular/material/list": {
      "src": "../../../../../node_modules/@angular/material/fesm2022/list.mjs",
      "file": "@angular_material_list.js",
      "fileHash": "c5f5be54",
      "needsInterop": false
    },
    "@angular/material/menu": {
      "src": "../../../../../node_modules/@angular/material/fesm2022/menu.mjs",
      "file": "@angular_material_menu.js",
      "fileHash": "b3aaa8f2",
      "needsInterop": false
    },
    "@angular/material/paginator": {
      "src": "../../../../../node_modules/@angular/material/fesm2022/paginator.mjs",
      "file": "@angular_material_paginator.js",
      "fileHash": "55d22f9f",
      "needsInterop": false
    },
    "@angular/material/progress-spinner": {
      "src": "../../../../../node_modules/@angular/material/fesm2022/progress-spinner.mjs",
      "file": "@angular_material_progress-spinner.js",
      "fileHash": "7a29d275",
      "needsInterop": false
    },
    "@angular/material/select": {
      "src": "../../../../../node_modules/@angular/material/fesm2022/select.mjs",
      "file": "@angular_material_select.js",
      "fileHash": "e42b7e2c",
      "needsInterop": false
    },
    "@angular/material/sidenav": {
      "src": "../../../../../node_modules/@angular/material/fesm2022/sidenav.mjs",
      "file": "@angular_material_sidenav.js",
      "fileHash": "c3aff339",
      "needsInterop": false
    },
    "@angular/material/snack-bar": {
      "src": "../../../../../node_modules/@angular/material/fesm2022/snack-bar.mjs",
      "file": "@angular_material_snack-bar.js",
      "fileHash": "231faced",
      "needsInterop": false
    },
    "@angular/material/sort": {
      "src": "../../../../../node_modules/@angular/material/fesm2022/sort.mjs",
      "file": "@angular_material_sort.js",
      "fileHash": "1810e85f",
      "needsInterop": false
    },
    "@angular/material/table": {
      "src": "../../../../../node_modules/@angular/material/fesm2022/table.mjs",
      "file": "@angular_material_table.js",
      "fileHash": "07c57a53",
      "needsInterop": false
    },
    "@angular/material/toolbar": {
      "src": "../../../../../node_modules/@angular/material/fesm2022/toolbar.mjs",
      "file": "@angular_material_toolbar.js",
      "fileHash": "073706f5",
      "needsInterop": false
    },
    "@angular/platform-browser": {
      "src": "../../../../../node_modules/@angular/platform-browser/fesm2022/platform-browser.mjs",
      "file": "@angular_platform-browser.js",
      "fileHash": "7e4f44d3",
      "needsInterop": false
    },
    "@angular/platform-browser/animations": {
      "src": "../../../../../node_modules/@angular/platform-browser/fesm2022/animations.mjs",
      "file": "@angular_platform-browser_animations.js",
      "fileHash": "3198e44a",
      "needsInterop": false
    },
    "@angular/router": {
      "src": "../../../../../node_modules/@angular/router/fesm2022/router.mjs",
      "file": "@angular_router.js",
      "fileHash": "b43d2f61",
      "needsInterop": false
    },
    "ag-grid-angular": {
      "src": "../../../../../node_modules/ag-grid-angular/fesm2022/ag-grid-angular.mjs",
      "file": "ag-grid-angular.js",
      "fileHash": "912da428",
      "needsInterop": false
    },
    "ag-grid-community": {
      "src": "../../../../../node_modules/ag-grid-community/dist/package/main.esm.mjs",
      "file": "ag-grid-community.js",
      "fileHash": "d5129092",
      "needsInterop": false
    },
    "jspdf": {
      "src": "../../../../../node_modules/jspdf/dist/jspdf.es.min.js",
      "file": "jspdf.js",
      "fileHash": "32eb06e1",
      "needsInterop": false
    },
    "jspdf-autotable": {
      "src": "../../../../../node_modules/jspdf-autotable/dist/jspdf.plugin.autotable.mjs",
      "file": "jspdf-autotable.js",
      "fileHash": "4b6ac82c",
      "needsInterop": false
    },
    "ngx-toastr": {
      "src": "../../../../../node_modules/ngx-toastr/fesm2022/ngx-toastr.mjs",
      "file": "ngx-toastr.js",
      "fileHash": "74d41a58",
      "needsInterop": false
    },
    "rxjs": {
      "src": "../../../../../node_modules/rxjs/dist/esm5/index.js",
      "file": "rxjs.js",
      "fileHash": "7a05c977",
      "needsInterop": false
    },
    "rxjs/operators": {
      "src": "../../../../../node_modules/rxjs/dist/esm5/operators/index.js",
      "file": "rxjs_operators.js",
      "fileHash": "0a8689cf",
      "needsInterop": false
    }
  },
  "chunks": {
    "html2canvas.esm-SNO5JG77": {
      "file": "html2canvas__esm-SNO5JG77.js"
    },
    "purify.es-JJHDAZZ4": {
      "file": "purify__es-JJHDAZZ4.js"
    },
    "index.es-6RMQA74P": {
      "file": "index__es-6RMQA74P.js"
    },
    "chunk-TNDRERLR": {
      "file": "chunk-TNDRERLR.js"
    },
    "chunk-BXNNPPZI": {
      "file": "chunk-BXNNPPZI.js"
    },
    "chunk-B43267QM": {
      "file": "chunk-B43267QM.js"
    },
    "chunk-SXEWF5MM": {
      "file": "chunk-SXEWF5MM.js"
    },
    "chunk-A56FVS7T": {
      "file": "chunk-A56FVS7T.js"
    },
    "chunk-3GLMSC5A": {
      "file": "chunk-3GLMSC5A.js"
    },
    "chunk-UMDCZE75": {
      "file": "chunk-UMDCZE75.js"
    },
    "chunk-D7NBXG2O": {
      "file": "chunk-D7NBXG2O.js"
    },
    "chunk-3MCGV3HY": {
      "file": "chunk-3MCGV3HY.js"
    },
    "chunk-WHWDOGSH": {
      "file": "chunk-WHWDOGSH.js"
    },
    "chunk-AUXEZXNW": {
      "file": "chunk-AUXEZXNW.js"
    },
    "chunk-FSQV52YT": {
      "file": "chunk-FSQV52YT.js"
    },
    "chunk-CTEDV7QD": {
      "file": "chunk-CTEDV7QD.js"
    },
    "chunk-JW4UNJVR": {
      "file": "chunk-JW4UNJVR.js"
    },
    "chunk-Z2IJK5TB": {
      "file": "chunk-Z2IJK5TB.js"
    },
    "chunk-TL65QNLR": {
      "file": "chunk-TL65QNLR.js"
    },
    "chunk-UB4ESSJA": {
      "file": "chunk-UB4ESSJA.js"
    },
    "chunk-Z45VEKDQ": {
      "file": "chunk-Z45VEKDQ.js"
    },
    "chunk-PDN7TZRU": {
      "file": "chunk-PDN7TZRU.js"
    },
    "chunk-ASLTLD6L": {
      "file": "chunk-ASLTLD6L.js"
    }
  }
}